condition,mean_len,mean_return,n,std_len,std_return
grey,600.5,292.0,10.0,131.313232421875,150.85313415527344
sarfa_grey,561.2000122070312,178.5,10.0,130.6562957763672,89.25774383544922
mean,799.5,401.5,10.0,147.74696350097656,148.10000610351562
zero,703.2000122070312,285.5,10.0,199.5415802001953,105.76309967041016
random,642.2000122070312,276.5,10.0,180.5471954345703,169.60821533203125
