condition,delta_return,delta_return_pct,mean_len,mean_return,n,std_len,std_return
clean,0.0,0.0,791.5333251953125,540.6666870117188,30.0,194.8027801513672,137.74496459960938
random,-130.83334350585938,-24.198521316151222,754.4666748046875,409.8333435058594,30.0,214.89222717285156,182.15890502929688
