condition,mean_len,mean_return,n,std_len,std_return
grey,748.9000244140625,463.0,10.0,223.06423950195312,154.05987548828125
sarfa_grey,518.7000122070312,170.5,10.0,146.1483612060547,101.96540832519531
mean,812.0,553.5,10.0,295.5476989746094,166.3505401611328
zero,797.2999877929688,588.0,10.0,160.88510131835938,136.5894012451172
random,766.7999877929688,501.5,10.0,178.77969360351562,168.21035766601562
