condition,delta_return,delta_return_pct,mean_len,mean_return,n,std_len,std_return
clean,0.0,0.0,1148.6666259765625,787.1666870117188,30.0,370.2154235839844,293.5621643066406
random,-260.5,-33.09337200090658,908.9666748046875,526.6666870117188,30.0,209.64295959472656,229.85504150390625
