condition,mean_len,mean_return,n,std_len,std_return
clean,1195.5999755859375,833.0,10.0,348.7008361816406,365.3096008300781
gray,957.7000122070312,502.5,10.0,169.53273010253906,135.897216796875
sarfa_gray,439.0,114.5,10.0,131.75819396972656,58.75797653198242
mean,916.4000244140625,550.0,10.0,257.4698181152344,156.80844116210938
zero,1038.4000244140625,641.5,10.0,271.4546203613281,154.75877380371094
random,858.5999755859375,413.5,10.0,269.4216613769531,140.7134552001953
